Year,GDP_Value,GDP_Growth_Rate,Population,GDP_Growth
2020,95.5,0.1,53.8,0.0
2021,98.2,2.8,54.0,2.8272251308900653
2022,102.3,4.2,54.3,4.175152749490829
